VariationID,GeneSymbol,Name,PubMedID
30230,ORC1,NM_004153.4(ORC1):c.380A>G (p.Glu127Gly),21358633.0
30234,ORC1,NM_004153.4(ORC1):c.1999_2000delinsA (p.Val667fs),21358632.0
30235,ORC1,NM_004153.4(ORC1):c.1482-2A>G,21358632.0
30231,ORC1,NM_004153.4(ORC1):c.266T>C (p.Phe89Ser),21358633.0
30233,ORC1,NM_004153.4(ORC1):c.2159G>A (p.Arg720Gln),21358633.0
30236,ORC1,NM_004153.4(ORC1):c.1996C>T (p.Arg666Trp),21358631.0
129854,ORC1,NM_004153.4(ORC1):c.1115C>T (p.Ala372Val),22689986.0
632110,ORC1,NM_004153.4(ORC1):c.2221_2224dup (p.Ser742Ter),21358633.0
1069550,ORC1,NM_004153.4(ORC1):c.2231del (p.Gly744fs),21358633.0
1075855,ORC1,NM_004153.4(ORC1):c.1330C>T (p.Arg444Ter),21358633.0
1438201,ORC1,NM_004153.4(ORC1):c.275del (p.Phe92fs),21358633.0
2090381,ORC1,NM_004153.4(ORC1):c.2173_2176dup (p.Cys726fs),21358633.0
2873337,ORC1,NM_004153.4(ORC1):c.2193_2194del (p.Glu731fs),21358633.0
2957738,ORC1,NM_004153.4(ORC1):c.1810C>T (p.Gln604Ter),21358633.0
2969104,ORC1,NM_004153.4(ORC1):c.961C>T (p.Arg321Ter),21358633.0
3007280,ORC1,NM_004153.4(ORC1):c.703_704del (p.Lys235fs),21358633.0
30232,ORC1,NM_004153.4(ORC1):c.314G>A (p.Arg105Gln),11477602.0
